Name,DOB,SSN,Zip,Age,Workclass,fnlwgt,Education,Education-Num,Martial Status,Occupation,Relationship,Race,Sex,Capital Gain,Capital Loss,Hours per week,Country,Target
Karrie Trusslove,9/7/1967,732-14-6110,64152,39,State-gov,77516,Bachelors,13,Never-married,Adm-clerical,Not-in-family,White,Male,2174,0,40,United-States,<=50K
Brandise Tripony,6/7/1988,150-19-2766,61523,50,Self-emp-not-inc,83311,Bachelors,13,Married-civ-spouse,Exec-managerial,Husband,White,Male,0,0,13,United-States,<=50K
Brenn McNeely,8/6/1991,725-59-9860,95668,38,Private,215646,HS-grad,9,Divorced,Handlers-cleaners,Not-in-family,White,Male,0,0,40,United-States,<=50K
Dorry Poter,4/6/2009,659-57-4974,25503,53,Private,234721,11th,7,Married-civ-spouse,Handlers-cleaners,Husband,Black,Male,0,0,40,United-States,<=50K
Dick Honnan,9/16/1951,220-93-3811,75387,28,Private,338409,Bachelors,13,Married-civ-spouse,Prof-specialty,Wife,Black,Female,0,0,40,Cuba,<=50K
Allene Raff,8/2/2001,535-53-2336,9820,37,Private,284582,Masters,14,Married-civ-spouse,Exec-managerial,Wife,White,Female,0,0,40,United-States,<=50K
Clevie Schimoni,10/17/1989,787-78-1258,87125,49,Private,160187,9th,5,Married-spouse-absent,Other-service,Not-in-family,Black,Female,0,0,16,Jamaica,<=50K
Erhard Nesbeth,7/25/1971,208-67-0874,60887,52,Self-emp-not-inc,209642,HS-grad,9,Married-civ-spouse,Exec-managerial,Husband,White,Male,0,0,45,United-States,>50K
Hedvige Fairpo,8/10/2001,691-69-7317,81548,31,Private,45781,Masters,14,Never-married,Prof-specialty,Not-in-family,White,Female,14084,0,50,United-States,>50K
Kally Ayers,7/31/1998,632-53-4141,51592,42,Private,159449,Bachelors,13,Married-civ-spouse,Exec-managerial,Husband,White,Male,5178,0,40,United-States,>50K
Binni Mc Mechan,6/23/2009,119-26-4980,90245,37,Private,280464,Some-college,10,Married-civ-spouse,Exec-managerial,Husband,Black,Male,0,0,80,United-States,>50K
Hedda Allworthy,6/14/1995,232-09-2296,89259,30,State-gov,141297,Bachelors,13,Married-civ-spouse,Prof-specialty,Husband,Asian-Pac-Islander,Male,0,0,40,India,>50K
Massimiliano Plett,3/11/1957,870-03-4270,79482,23,Private,122272,Bachelors,13,Never-married,Adm-clerical,Own-child,White,Female,0,0,30,United-States,<=50K
Gwenny Micallef,3/11/1987,531-39-1676,29389,32,Private,205019,Assoc-acdm,12,Never-married,Sales,Not-in-family,Black,Male,0,0,50,United-States,<=50K
Rollie Gabbatt,5/19/1985,121-55-7484,42065,40,Private,121772,Assoc-voc,11,Married-civ-spouse,Craft-repair,Husband,Asian-Pac-Islander,Male,0,0,40,,>50K
Devondra Delort,9/27/1968,383-99-3693,76988,34,Private,245487,7th-8th,4,Married-civ-spouse,Transport-moving,Husband,Amer-Indian-Eskimo,Male,0,0,45,Mexico,<=50K
Rozella Coulthard,1/16/2010,703-66-0223,32345,25,Self-emp-not-inc,176756,HS-grad,9,Never-married,Farming-fishing,Own-child,White,Male,0,0,35,United-States,<=50K
Tannie Bohlmann,1/25/1979,138-57-2883,71929,32,Private,186824,HS-grad,9,Never-married,Machine-op-inspct,Unmarried,White,Male,0,0,40,United-States,<=50K
Tyne Landeaux,11/24/1958,884-59-8967,3098,38,Private,28887,11th,7,Married-civ-spouse,Sales,Husband,White,Male,0,0,50,United-States,<=50K
Anthe Devine,9/25/1979,875-07-4084,72862,43,Self-emp-not-inc,292175,Masters,14,Divorced,Exec-managerial,Unmarried,White,Female,0,0,45,United-States,>50K
Rozalie Rowbottom,8/2/1970,570-73-0139,53155,40,Private,193524,Doctorate,16,Married-civ-spouse,Prof-specialty,Husband,White,Male,0,0,60,United-States,>50K
Mahala Dimberline,9/28/1964,189-87-7998,3691,54,Private,302146,HS-grad,9,Separated,Other-service,Unmarried,Black,Female,0,0,20,United-States,<=50K
Averell Maymand,8/10/2012,668-43-2767,92617,35,Federal-gov,76845,9th,5,Married-civ-spouse,Farming-fishing,Husband,Black,Male,0,0,40,United-States,<=50K
Mignonne Spurrior,7/18/1960,557-99-3930,55466,43,Private,117037,11th,7,Married-civ-spouse,Transport-moving,Husband,White,Male,0,2042,40,United-States,<=50K
Marla Dungey,11/3/1960,216-09-1548,32737,59,Private,109015,HS-grad,9,Divorced,Tech-support,Unmarried,White,Female,0,0,40,United-States,<=50K
Felix Falla,2/22/1960,242-47-2508,58986,56,Local-gov,216851,Bachelors,13,Married-civ-spouse,Tech-support,Husband,White,Male,0,0,40,United-States,>50K
Kym Jennery,1/24/1989,868-85-7038,91102,19,Private,168294,HS-grad,9,Never-married,Craft-repair,Own-child,White,Male,0,0,40,United-States,<=50K
Letty Marcussen,6/18/1952,338-12-9081,8598,54,,180211,Some-college,10,Married-civ-spouse,,Husband,Asian-Pac-Islander,Male,0,0,60,South,>50K
Timothea Disman,6/23/1987,288-49-7728,91341,39,Private,367260,HS-grad,9,Divorced,Exec-managerial,Not-in-family,White,Male,0,0,80,United-States,<=50K
Walliw Adcock,6/15/1951,297-29-2796,54807,49,Private,193366,HS-grad,9,Married-civ-spouse,Craft-repair,Husband,White,Male,0,0,40,United-States,<=50K
Raul Squire,7/15/1964,813-56-5466,93239,23,Local-gov,190709,Assoc-acdm,12,Never-married,Protective-serv,Not-in-family,White,Male,0,0,52,United-States,<=50K
Alayne Pedlingham,2/17/1953,288-31-8670,65932,20,Private,266015,Some-college,10,Never-married,Sales,Own-child,Black,Male,0,0,44,United-States,<=50K
Darby Tome,1/9/2009,890-14-4832,9717,45,Private,386940,Bachelors,13,Divorced,Exec-managerial,Own-child,White,Male,0,1408,40,United-States,<=50K
Laurena Abrahamsohn,8/11/2006,662-32-0909,20061,30,Federal-gov,59951,Some-college,10,Married-civ-spouse,Adm-clerical,Own-child,White,Male,0,0,40,United-States,<=50K
Pierson Leyrroyd,4/8/1987,132-55-8586,20149,22,State-gov,311512,Some-college,10,Married-civ-spouse,Other-service,Husband,Black,Male,0,0,15,United-States,<=50K
Maye Sauter,7/27/1970,258-66-6115,28032,48,Private,242406,11th,7,Never-married,Machine-op-inspct,Unmarried,White,Male,0,0,40,Puerto-Rico,<=50K
Fay Simone,11/2/1993,715-75-9668,41136,21,Private,197200,Some-college,10,Never-married,Machine-op-inspct,Own-child,White,Male,0,0,40,United-States,<=50K
Florence Tiesman,12/23/1985,862-26-5489,93276,19,Private,544091,HS-grad,9,Married-AF-spouse,Adm-clerical,Wife,White,Female,0,0,25,United-States,<=50K
Gwenneth Spriggen,12/6/1951,171-82-0984,58492,31,Private,84154,Some-college,10,Married-civ-spouse,Sales,Husband,White,Male,0,0,38,,>50K
Lulita Tschersich,10/25/1954,602-74-4118,14378,48,Self-emp-not-inc,265477,Assoc-acdm,12,Married-civ-spouse,Prof-specialty,Husband,White,Male,0,0,40,United-States,<=50K
Constantia Shubotham,10/14/1984,308-62-8879,82327,31,Private,507875,9th,5,Married-civ-spouse,Machine-op-inspct,Husband,White,Male,0,0,43,United-States,<=50K
Theo Fearney,1/22/1983,439-28-9935,95683,53,Self-emp-not-inc,88506,Bachelors,13,Married-civ-spouse,Prof-specialty,Husband,White,Male,0,0,40,United-States,<=50K
Lulu Scollan,6/12/2003,380-78-1227,18173,24,Private,172987,Bachelors,13,Married-civ-spouse,Tech-support,Husband,White,Male,0,0,50,United-States,<=50K
Dora Richardes,10/2/1953,412-32-2882,75680,49,Private,94638,HS-grad,9,Separated,Adm-clerical,Unmarried,White,Female,0,0,40,United-States,<=50K
Abdel Hornbuckle,2/25/2005,352-78-8199,6217,25,Private,289980,HS-grad,9,Never-married,Handlers-cleaners,Not-in-family,White,Male,0,0,35,United-States,<=50K
Goddard Mattiessen,8/21/1986,272-03-9824,74972,57,Federal-gov,337895,Bachelors,13,Married-civ-spouse,Prof-specialty,Husband,Black,Male,0,0,40,United-States,>50K
Myron Lincey,10/11/1996,115-43-9351,80887,53,Private,144361,HS-grad,9,Married-civ-spouse,Machine-op-inspct,Husband,White,Male,0,0,38,United-States,<=50K
Aurthur Bourhill,9/28/1974,609-42-1751,17524,44,Private,128354,Masters,14,Divorced,Exec-managerial,Unmarried,White,Female,0,0,40,United-States,<=50K
Raymund Tournie,4/19/1955,365-66-5026,53662,41,State-gov,101603,Assoc-voc,11,Married-civ-spouse,Craft-repair,Husband,White,Male,0,0,40,United-States,<=50K
Noemi Ruffler,10/19/2011,748-77-7857,56298,29,Private,271466,Assoc-voc,11,Never-married,Prof-specialty,Not-in-family,White,Male,0,0,43,United-States,<=50K
Rhys Quennell,6/15/1988,177-67-9642,42814,25,Private,32275,Some-college,10,Married-civ-spouse,Exec-managerial,Wife,Other,Female,0,0,40,United-States,<=50K
Addy Preon,10/11/1961,479-90-2494,61843,18,Private,226956,HS-grad,9,Never-married,Other-service,Own-child,White,Female,0,0,30,,<=50K
Regine Hannigane,6/3/1971,534-46-2609,90260,47,Private,51835,Prof-school,15,Married-civ-spouse,Prof-specialty,Wife,White,Female,0,1902,60,Honduras,>50K
Oralie Keegan,10/5/1999,884-12-2409,74955,50,Federal-gov,251585,Bachelors,13,Divorced,Exec-managerial,Not-in-family,White,Male,0,0,55,United-States,>50K
John Matthias,12/18/1973,492-53-6924,9825,47,Self-emp-inc,109832,HS-grad,9,Divorced,Exec-managerial,Not-in-family,White,Male,0,0,60,United-States,<=50K
Mill Kondratowicz,11/5/2009,465-45-0129,96085,43,Private,237993,Some-college,10,Married-civ-spouse,Tech-support,Husband,White,Male,0,0,40,United-States,>50K
Johnath Spada,11/27/1957,528-32-0498,70747,46,Private,216666,5th-6th,3,Married-civ-spouse,Machine-op-inspct,Husband,White,Male,0,0,40,Mexico,<=50K
Felice Yansons,2/7/1987,233-37-3234,78345,35,Private,56352,Assoc-voc,11,Married-civ-spouse,Other-service,Husband,White,Male,0,0,40,Puerto-Rico,<=50K
Hamish Poyntz,2/16/1956,136-92-3568,49792,41,Private,147372,HS-grad,9,Married-civ-spouse,Adm-clerical,Husband,White,Male,0,0,48,United-States,<=50K
Ruthie McVittie,12/29/1978,692-85-3206,43800,30,Private,188146,HS-grad,9,Married-civ-spouse,Machine-op-inspct,Husband,White,Male,5013,0,40,United-States,<=50K
Mufinella Paddington,3/21/1975,565-95-8300,54588,30,Private,59496,Bachelors,13,Married-civ-spouse,Sales,Husband,White,Male,2407,0,40,United-States,<=50K
Catlee Antram,10/14/1972,412-24-3430,21928,32,,293936,7th-8th,4,Married-spouse-absent,,Not-in-family,White,Male,0,0,40,,<=50K
Rebeka Casali,9/23/1983,789-15-5786,16447,48,Private,149640,HS-grad,9,Married-civ-spouse,Transport-moving,Husband,White,Male,0,0,40,United-States,<=50K
